Invoice ID,Branch,City,Customer type,Gender,Product line,Unit price,Quantity,Tax 5%,Total,Date,Time,Payment,cogs,gross margin percentage,gross income,Rating
315aceda,C,City A,Normal,Male,Health and beauty,75.39,6,22.62,474.96,2024-12-15,20:41:28,Credit card,452.34,4.76,22.62,6.8
cf5c5968,B,City B,Normal,Male,Home and lifestyle,45.69,8,18.28,383.8,2024-10-26,20:33:42,Cash,365.52,4.76,18.28,8.3
45b3e3de,A,City C,Normal,Female,Home and lifestyle,24.64,3,3.7,77.62,2024-04-28,03:30:12,Ewallet,73.92,4.76,3.7,7.8
982f25bc,B,City A,Normal,Male,Food and beverages,58.46,8,23.38,491.06,2024-02-17,15:23:14,Cash,467.68,4.76,23.38,7.6
3ad5ef12,A,City B,Normal,Female,Sports and travel,96.69,10,48.34,1015.24,2024-01-29,09:53:39,Ewallet,966.9,4.76,48.34,8.4
3f6d84e5,B,City B,Normal,Male,Food and beverages,33.94,6,10.18,213.82,2024-06-07,19:03:54,Ewallet,203.64,4.76,10.18,4.3
69b41b4f,C,City B,Normal,Male,Food and beverages,46.84,7,16.39,344.27,2024-01-31,19:07:15,Credit card,327.88,4.76,16.39,10.0
3b803c90,C,City B,Member,Male,Sports and travel,58.62,3,8.79,184.65,2024-11-27,00:56:00,Credit card,175.86,4.76,8.79,6.3
a106b8d4,C,City C,Member,Female,Food and beverages,42.91,2,4.29,90.11,2024-09-29,13:06:03,Cash,85.82,4.76,4.29,4.7
00f36eab,A,City A,Member,Male,Food and beverages,65.69,7,22.99,482.82,2025-01-17,18:19:16,Credit card,459.83,4.76,22.99,4.4
265c01a8,C,City A,Member,Male,Food and beverages,11.78,10,5.89,123.69,2024-05-09,12:05:12,Ewallet,117.8,4.76,5.89,6.3
b32586ae,C,City A,Normal,Female,Fashion accessories,45.74,9,20.58,432.24,2024-04-25,13:44:13,Cash,411.66,4.76,20.58,4.8
052e0c44,C,City B,Member,Male,Electronic accessories,45.03,2,4.5,94.56,2024-06-09,05:29:43,Ewallet,90.06,4.76,4.5,8.7
3a047ed3,A,City B,Member,Female,Home and lifestyle,48.39,8,19.36,406.48,2024-02-19,08:05:08,Credit card,387.12,4.76,19.36,6.1
f3298bf7,C,City B,Normal,Female,Electronic accessories,25.89,7,9.06,190.29,2025-01-19,08:56:56,Cash,181.23,4.76,9.06,5.1
82d99d77,C,City A,Member,Female,Electronic accessories,66.45,9,29.9,627.95,2024-08-13,03:38:25,Cash,598.05,4.76,29.9,9.8
1eb671bc,C,City B,Member,Male,Sports and travel,97.18,3,14.58,306.12,2024-05-23,07:10:04,Cash,291.54,4.76,14.58,6.3
0ccd1d44,C,City A,Normal,Female,Health and beauty,24.8,7,8.68,182.28,2024-10-29,13:09:35,Credit card,173.6,4.76,8.68,5.8
615cc3eb,B,City A,Member,Male,Home and lifestyle,21.75,3,3.26,68.51,2024-12-12,05:00:20,Cash,65.25,4.76,3.26,7.1
a89cfca1,B,City C,Member,Female,Electronic accessories,33.64,4,6.73,141.29,2025-01-14,16:04:06,Ewallet,134.56,4.76,6.73,5.8
1a692b91,C,City B,Member,Male,Sports and travel,21.03,9,9.46,198.73,2024-11-19,06:07:55,Cash,189.27,4.76,9.46,6.5
6599d878,A,City B,Normal,Female,Health and beauty,95.41,9,42.93,901.62,2024-04-04,07:39:58,Credit card,858.69,4.76,42.93,5.0
6dea03a4,B,City B,Member,Male,Electronic accessories,80.7,9,36.32,762.62,2025-01-23,05:18:54,Cash,726.3,4.76,36.32,6.1
b481eb66,A,City A,Member,Female,Home and lifestyle,69.4,8,27.76,582.96,2024-01-30,08:31:52,Ewallet,555.2,4.76,27.76,4.9
e7674905,B,City A,Normal,Male,Home and lifestyle,78.62,2,7.86,165.1,2024-12-27,23:07:28,Cash,157.24,4.76,7.86,4.9
e1ec98db,B,City A,Normal,Female,Food and beverages,84.41,5,21.1,443.15,2024-10-20,12:03:45,Cash,422.05,4.76,21.1,4.9
9ba6f2a3,C,City B,Member,Female,Electronic accessories,90.37,10,45.19,948.89,2024-06-23,17:18:29,Cash,903.7,4.76,45.19,7.8
1dba3e70,A,City C,Normal,Female,Health and beauty,76.66,3,11.5,241.48,2024-06-03,06:01:18,Cash,229.98,4.76,11.5,8.1
b366af33,C,City A,Normal,Male,Fashion accessories,43.12,7,15.09,316.93,2024-10-17,10:14:44,Ewallet,301.84,4.76,15.09,9.8
30c337c6,C,City A,Normal,Male,Fashion accessories,95.18,5,23.8,499.7,2024-09-11,21:32:58,Cash,475.9,4.76,23.8,4.9
73fa6abd,B,City A,Member,Female,Food and beverages,65.67,4,13.13,275.81,2025-01-21,09:28:53,Credit card,262.68,4.76,13.13,8.5
b06bb241,A,City C,Normal,Female,Electronic accessories,55.39,2,5.54,116.32,2024-09-10,18:08:46,Ewallet,110.78,4.76,5.54,5.2
497d124a,C,City A,Member,Female,Electronic accessories,33.43,6,10.03,210.61,2024-08-10,20:41:13,Cash,200.58,4.76,10.03,8.9
bf370fd6,C,City C,Normal,Female,Electronic accessories,22.5,5,5.62,118.12,2024-04-04,00:51:19,Credit card,112.5,4.76,5.62,8.5
6519454b,B,City A,Normal,Male,Sports and travel,70.74,9,31.83,668.49,2024-02-15,15:06:48,Credit card,636.66,4.76,31.83,4.9
9316c109,B,City B,Member,Male,Fashion accessories,24.94,9,11.22,235.68,2024-02-21,10:32:38,Ewallet,224.46,4.76,11.22,7.6
41a84184,C,City B,Member,Female,Home and lifestyle,25.11,4,5.02,105.46,2024-11-04,15:59:37,Cash,100.44,4.76,5.02,7.5
a76a2ac5,C,City B,Member,Female,Food and beverages,41.72,10,20.86,438.06,2024-02-21,14:17:15,Ewallet,417.2,4.76,20.86,9.3
845a2070,B,City C,Member,Male,Home and lifestyle,14.77,9,6.65,139.58,2024-09-24,16:47:51,Ewallet,132.93,4.76,6.65,5.0
360889fb,B,City A,Normal,Male,Food and beverages,49.41,9,22.23,466.92,2024-07-09,16:54:36,Ewallet,444.69,4.76,22.23,7.4
81fd98dd,B,City C,Member,Female,Home and lifestyle,78.64,10,39.32,825.72,2024-12-14,12:42:04,Ewallet,786.4,4.76,39.32,7.4
12e1c055,A,City A,Normal,Male,Fashion accessories,24.16,4,4.83,101.47,2024-09-09,11:14:18,Credit card,96.64,4.76,4.83,4.4
ae10b9b8,A,City C,Normal,Female,Electronic accessories,59.92,8,23.97,503.33,2024-10-27,06:26:06,Cash,479.36,4.76,23.97,5.8
ad0bad4b,C,City C,Member,Male,Electronic accessories,50.4,7,17.64,370.44,2024-02-02,04:45:11,Credit card,352.8,4.76,17.64,6.6
c994e0ac,B,City C,Normal,Male,Electronic accessories,98.1,7,34.34,721.04,2024-07-24,00:16:04,Cash,686.7,4.76,34.34,9.1
a1a25e7a,B,City A,Member,Male,Electronic accessories,27.01,9,12.15,255.24,2024-05-17,01:42:58,Ewallet,243.09,4.76,12.15,7.4
74692cf3,B,City A,Normal,Female,Sports and travel,83.73,6,25.12,527.5,2024-10-03,16:04:34,Ewallet,502.38,4.76,25.12,8.6
781e2e08,A,City B,Normal,Female,Home and lifestyle,28.43,6,8.53,179.11,2024-06-03,05:04:39,Ewallet,170.58,4.76,8.53,8.5
0f275165,A,City A,Normal,Female,Food and beverages,15.48,2,1.55,32.51,2024-04-14,02:17:57,Credit card,30.96,4.76,1.55,7.6
9dd2fb8e,A,City C,Normal,Male,Food and beverages,48.05,5,12.01,252.26,2024-11-22,14:53:05,Ewallet,240.25,4.76,12.01,6.6
9768f7fc,C,City B,Member,Male,Electronic accessories,29.51,4,5.9,123.94,2024-06-12,16:59:06,Cash,118.04,4.76,5.9,6.8
61896fd6,C,City B,Member,Female,Sports and travel,85.47,7,29.91,628.2,2024-04-27,08:15:36,Credit card,598.29,4.76,29.91,5.5
5efe23eb,B,City A,Normal,Female,Food and beverages,66.4,8,26.56,557.76,2024-03-23,10:44:05,Ewallet,531.2,4.76,26.56,8.9
ca55662d,A,City A,Member,Male,Food and beverages,91.69,6,27.51,577.65,2024-09-14,04:57:40,Cash,550.14,4.76,27.51,7.6
1e749923,A,City A,Normal,Female,Fashion accessories,86.68,10,43.34,910.14,2024-04-10,08:17:15,Ewallet,866.8,4.76,43.34,4.5
7bb95f35,A,City B,Member,Male,Sports and travel,34.39,10,17.2,361.1,2024-10-31,22:17:00,Ewallet,343.9,4.76,17.2,5.4
019d77b5,C,City C,Normal,Male,Home and lifestyle,79.99,8,32.0,671.92,2024-09-04,09:35:34,Credit card,639.92,4.76,32.0,5.9
7cfaef60,A,City C,Normal,Male,Home and lifestyle,54.77,1,2.74,57.51,2024-07-22,12:37:23,Ewallet,54.77,4.76,2.74,5.6
a5e7807c,C,City A,Normal,Male,Home and lifestyle,69.43,4,13.89,291.61,2024-06-07,22:11:49,Ewallet,277.72,4.76,13.89,9.9
ddba5b99,B,City B,Member,Male,Food and beverages,13.51,1,0.68,14.19,2025-01-01,22:56:59,Cash,13.51,4.76,0.68,4.3
b0c7a6e7,A,City C,Normal,Male,Electronic accessories,31.67,9,14.25,299.28,2024-11-17,13:47:12,Credit card,285.03,4.76,14.25,9.8
a25825ac,B,City A,Normal,Female,Sports and travel,56.39,7,19.74,414.47,2024-09-16,20:16:35,Ewallet,394.73,4.76,19.74,7.2
3922ac78,A,City C,Member,Male,Home and lifestyle,72.96,8,29.18,612.86,2024-12-19,13:59:55,Credit card,583.68,4.76,29.18,5.5
b15439bf,B,City C,Member,Female,Food and beverages,64.95,5,16.24,340.99,2024-07-04,12:39:12,Credit card,324.75,4.76,16.24,9.9
6b927b45,B,City C,Member,Male,Home and lifestyle,73.67,7,25.78,541.47,2024-04-12,22:07:55,Credit card,515.69,4.76,25.78,7.4
b637b1c4,C,City B,Normal,Female,Electronic accessories,62.27,3,9.34,196.15,2024-05-15,08:50:56,Cash,186.81,4.76,9.34,7.0
9c47c8c2,C,City A,Normal,Male,Electronic accessories,47.94,9,21.57,453.03,2024-12-31,03:20:23,Ewallet,431.46,4.76,21.57,6.8
520b0d72,C,City B,Member,Male,Electronic accessories,49.64,1,2.48,52.12,2024-04-17,05:38:46,Ewallet,49.64,4.76,2.48,5.8
c89e746f,A,City C,Normal,Female,Food and beverages,84.36,6,25.31,531.47,2024-08-19,09:39:47,Credit card,506.16,4.76,25.31,8.6
9ae4832a,C,City A,Normal,Male,Sports and travel,59.65,6,17.89,375.79,2024-12-02,16:07:47,Credit card,357.9,4.76,17.89,5.0
4e3451d3,A,City B,Normal,Female,Health and beauty,91.8,1,4.59,96.39,2024-09-29,17:29:20,Credit card,91.8,4.76,4.59,6.6
94d5d38a,A,City A,Normal,Female,Food and beverages,78.26,8,31.3,657.38,2024-04-22,09:52:00,Ewallet,626.08,4.76,31.3,7.7
acc0be5f,A,City B,Normal,Female,Sports and travel,78.15,4,15.63,328.23,2024-11-04,12:10:05,Ewallet,312.6,4.76,15.63,5.5
1d06363a,A,City B,Member,Female,Sports and travel,27.47,3,4.12,86.53,2024-06-06,12:30:25,Credit card,82.41,4.76,4.12,8.3
b4342717,C,City B,Normal,Female,Fashion accessories,57.41,2,5.74,120.56,2024-09-30,06:57:55,Credit card,114.82,4.76,5.74,4.1
6056a29b,B,City C,Normal,Female,Health and beauty,64.94,5,16.23,340.93,2024-06-28,18:43:40,Cash,324.7,4.76,16.23,5.1
ec963dec,B,City B,Normal,Male,Health and beauty,17.14,4,3.43,71.99,2024-02-17,09:36:57,Ewallet,68.56,4.76,3.43,7.4
88faa29d,C,City C,Normal,Male,Home and lifestyle,95.54,5,23.89,501.59,2024-07-28,08:30:33,Ewallet,477.7,4.76,23.89,4.8
6966c343,C,City B,Normal,Female,Health and beauty,54.43,1,2.72,57.15,2024-07-04,08:16:42,Ewallet,54.43,4.76,2.72,7.7
63bd2d4b,A,City C,Normal,Male,Food and beverages,53.71,3,8.06,169.19,2024-08-08,19:04:10,Ewallet,161.13,4.76,8.06,7.4
c058cd88,C,City B,Normal,Female,Sports and travel,86.77,10,43.38,911.08,2024-11-11,08:19:00,Cash,867.7,4.76,43.38,8.7
c3c21789,B,City A,Member,Female,Food and beverages,98.57,6,29.57,620.99,2025-01-01,10:00:48,Cash,591.42,4.76,29.57,4.1
c719f08c,C,City A,Normal,Male,Health and beauty,13.39,2,1.34,28.12,2024-07-16,16:35:29,Ewallet,26.78,4.76,1.34,9.6
76045f8a,C,City A,Member,Female,Fashion accessories,98.76,5,24.69,518.49,2025-01-07,14:49:04,Credit card,493.8,4.76,24.69,5.4
46c5bb44,A,City C,Normal,Male,Fashion accessories,33.65,9,15.14,317.99,2024-11-22,09:31:20,Cash,302.85,4.76,15.14,6.0
ddcf0618,C,City C,Normal,Female,Sports and travel,87.18,7,30.51,640.77,2024-02-17,12:33:29,Ewallet,610.26,4.76,30.51,9.0
6ae714e6,A,City A,Normal,Male,Health and beauty,47.82,10,23.91,502.11,2024-01-30,14:18:06,Credit card,478.2,4.76,23.91,7.7
cad3cdf7,B,City C,Member,Male,Food and beverages,14.23,6,4.27,89.65,2024-08-02,23:42:40,Credit card,85.38,4.76,4.27,6.5
a9b69b0d,A,City B,Normal,Male,Food and beverages,24.89,1,1.24,26.13,2024-03-04,10:29:19,Cash,24.89,4.76,1.24,10.0
a7ecc4dd,B,City B,Normal,Female,Health and beauty,94.9,4,18.98,398.58,2024-05-17,05:46:25,Cash,379.6,4.76,18.98,8.2
6089dd01,B,City B,Normal,Female,Health and beauty,23.39,2,2.34,49.12,2024-12-22,04:18:36,Cash,46.78,4.76,2.34,7.9
323bb5b1,B,City A,Normal,Female,Food and beverages,34.32,4,6.86,144.14,2024-06-10,19:56:04,Cash,137.28,4.76,6.86,4.5
ff905ca0,A,City B,Normal,Female,Sports and travel,93.54,3,14.03,294.65,2024-02-16,11:06:40,Ewallet,280.62,4.76,14.03,8.1
24d9ba86,C,City A,Member,Male,Fashion accessories,26.89,4,5.38,112.94,2024-06-26,16:30:01,Credit card,107.56,4.76,5.38,6.7
6e9f0bfc,A,City C,Normal,Male,Health and beauty,93.59,2,9.36,196.54,2024-08-24,15:47:08,Credit card,187.18,4.76,9.36,8.6
192adfed,A,City B,Normal,Female,Fashion accessories,20.92,3,3.14,65.9,2024-09-10,14:40:44,Ewallet,62.76,4.76,3.14,4.7
f5f58d29,B,City A,Member,Male,Food and beverages,78.0,3,11.7,245.7,2024-03-08,04:42:53,Credit card,234.0,4.76,11.7,5.3
21f71106,B,City B,Member,Male,Food and beverages,23.1,5,5.78,121.28,2024-04-30,18:58:48,Credit card,115.5,4.76,5.78,7.1
6a7b53b9,B,City B,Member,Male,Home and lifestyle,98.47,1,4.92,103.39,2024-05-08,19:40:59,Cash,98.47,4.76,4.92,8.9
b88f7188,C,City C,Member,Female,Health and beauty,21.98,1,1.1,23.08,2024-12-19,10:38:12,Cash,21.98,4.76,1.1,9.9
a122b485,A,City C,Normal,Female,Fashion accessories,54.84,10,27.42,575.82,2024-12-12,16:22:50,Ewallet,548.4,4.76,27.42,8.1
29bb4fb5,C,City C,Member,Female,Food and beverages,30.8,10,15.4,323.4,2024-02-26,05:18:12,Ewallet,308.0,4.76,15.4,4.3
030fb1a6,B,City C,Normal,Male,Food and beverages,74.41,8,29.76,625.04,2024-02-24,07:09:08,Credit card,595.28,4.76,29.76,8.2
9a9d3034,A,City C,Member,Female,Sports and travel,98.72,1,4.94,103.66,2024-06-21,05:36:28,Cash,98.72,4.76,4.94,6.2
347a8326,C,City C,Normal,Female,Health and beauty,29.27,7,10.24,215.13,2024-11-24,14:42:33,Cash,204.89,4.76,10.24,4.7
e631e631,C,City B,Normal,Male,Sports and travel,34.21,6,10.26,215.52,2024-03-20,10:07:48,Cash,205.26,4.76,10.26,5.0
ff9e9476,C,City B,Member,Female,Electronic accessories,21.44,1,1.07,22.51,2024-08-02,04:14:39,Ewallet,21.44,4.76,1.07,8.8
c468e25a,B,City B,Normal,Male,Health and beauty,45.49,6,13.65,286.59,2024-04-12,02:43:19,Cash,272.94,4.76,13.65,4.3
04325618,A,City C,Normal,Male,Sports and travel,14.29,8,5.72,120.04,2024-12-06,21:40:52,Credit card,114.32,4.76,5.72,9.9
30f28eee,A,City B,Member,Female,Health and beauty,11.66,10,5.83,122.43,2024-09-18,23:00:13,Credit card,116.6,4.76,5.83,4.1
808b7502,A,City C,Member,Female,Food and beverages,47.8,8,19.12,401.52,2024-03-30,01:12:22,Credit card,382.4,4.76,19.12,7.2
3dad694f,A,City B,Normal,Female,Health and beauty,83.08,10,41.54,872.34,2024-06-26,04:45:45,Cash,830.8,4.76,41.54,8.7
b9c973b3,C,City A,Member,Male,Health and beauty,30.89,1,1.54,32.43,2024-03-05,16:09:07,Credit card,30.89,4.76,1.54,4.5
64001a97,A,City B,Member,Female,Electronic accessories,69.22,9,31.15,654.13,2024-02-24,00:46:14,Ewallet,622.98,4.76,31.15,8.3
e0febaa3,A,City A,Member,Male,Food and beverages,24.14,3,3.62,76.04,2024-11-02,20:21:37,Ewallet,72.42,4.76,3.62,9.3
5cd34565,B,City C,Normal,Female,Food and beverages,59.62,7,20.87,438.21,2024-11-02,11:59:53,Credit card,417.34,4.76,20.87,6.0
87a605d8,B,City C,Normal,Female,Food and beverages,77.47,6,23.24,488.06,2024-10-13,18:11:19,Ewallet,464.82,4.76,23.24,7.0
28e91136,B,City B,Member,Male,Electronic accessories,58.45,5,14.61,306.86,2024-07-09,17:29:27,Ewallet,292.25,4.76,14.61,5.2
f29b795c,C,City C,Member,Male,Electronic accessories,59.83,5,14.96,314.11,2024-08-06,17:35:41,Ewallet,299.15,4.76,14.96,6.3
22243782,B,City C,Normal,Female,Electronic accessories,35.74,4,7.15,150.11,2024-12-20,05:05:04,Cash,142.96,4.76,7.15,5.8
d3e427c7,B,City A,Normal,Female,Fashion accessories,56.69,3,8.5,178.57,2024-07-22,00:55:16,Credit card,170.07,4.76,8.5,6.3
0c436a78,B,City B,Member,Male,Health and beauty,31.71,10,15.86,332.96,2024-05-22,09:51:15,Credit card,317.1,4.76,15.86,6.3
7084935e,A,City C,Member,Male,Home and lifestyle,76.05,7,26.62,558.97,2024-11-26,11:30:42,Cash,532.35,4.76,26.62,8.0
1822b98b,C,City C,Member,Male,Electronic accessories,36.8,9,16.56,347.76,2024-05-28,12:21:59,Cash,331.2,4.76,16.56,8.2
45e7083c,C,City C,Normal,Female,Food and beverages,78.54,4,15.71,329.87,2024-06-30,17:12:51,Ewallet,314.16,4.76,15.71,7.2
0e5c44ca,C,City B,Member,Male,Food and beverages,74.81,10,37.41,785.51,2024-09-02,15:18:59,Ewallet,748.1,4.76,37.41,9.9
eac890c4,C,City B,Normal,Female,Fashion accessories,15.67,10,7.83,164.53,2024-10-18,16:07:32,Ewallet,156.7,4.76,7.83,8.7
0e8657cb,B,City B,Member,Male,Electronic accessories,89.56,2,8.96,188.08,2024-01-25,09:28:07,Cash,179.12,4.76,8.96,8.3
8ef6d3d6,B,City B,Normal,Male,Fashion accessories,25.48,2,2.55,53.51,2024-12-30,03:11:25,Ewallet,50.96,4.76,2.55,10.0
e4574231,C,City C,Normal,Male,Health and beauty,83.65,5,20.91,439.16,2024-11-13,14:50:18,Cash,418.25,4.76,20.91,8.9
1401d59f,C,City A,Normal,Female,Sports and travel,97.16,10,48.58,1020.18,2024-05-04,20:29:08,Credit card,971.6,4.76,48.58,5.2
46e504d3,A,City B,Member,Female,Home and lifestyle,18.69,6,5.61,117.75,2024-02-22,21:21:00,Cash,112.14,4.76,5.61,10.0
964b8dcf,B,City B,Normal,Female,Home and lifestyle,72.13,1,3.61,75.74,2024-05-27,17:42:02,Credit card,72.13,4.76,3.61,7.5
2cd1d4d1,B,City C,Member,Female,Home and lifestyle,35.8,7,12.53,263.13,2024-04-13,12:54:23,Credit card,250.6,4.76,12.53,7.4
955aae84,C,City B,Member,Female,Health and beauty,89.88,9,40.45,849.37,2024-03-30,20:42:51,Ewallet,808.92,4.76,40.45,6.3
d0b76ae5,B,City B,Member,Male,Health and beauty,80.06,4,16.01,336.25,2025-01-15,07:05:40,Credit card,320.24,4.76,16.01,6.9
4944446d,A,City A,Normal,Female,Health and beauty,97.38,5,24.34,511.24,2025-01-13,17:59:19,Credit card,486.9,4.76,24.34,7.9
3bf8da64,C,City A,Member,Female,Food and beverages,79.0,9,35.55,746.55,2024-06-17,22:11:20,Cash,711.0,4.76,35.55,5.2
ef493c4e,A,City C,Member,Male,Food and beverages,37.97,2,3.8,79.74,2024-10-05,22:55:59,Ewallet,75.94,4.76,3.8,8.4
3500ba7f,A,City A,Member,Female,Home and lifestyle,37.8,3,5.67,119.07,2024-05-04,16:32:15,Credit card,113.4,4.76,5.67,4.7
a0e5ee0b,B,City B,Normal,Female,Health and beauty,95.97,1,4.8,100.77,2024-07-28,08:10:58,Cash,95.97,4.76,4.8,6.5
6d1dab78,A,City A,Member,Male,Home and lifestyle,44.05,5,11.01,231.26,2024-12-10,22:18:03,Ewallet,220.25,4.76,11.01,6.8
ccd11f3b,C,City C,Normal,Female,Fashion accessories,38.22,2,3.82,80.26,2024-07-18,10:23:58,Cash,76.44,4.76,3.82,6.5
a7191ed4,C,City C,Member,Female,Sports and travel,17.68,9,7.96,167.08,2024-11-27,19:24:40,Credit card,159.12,4.76,7.96,9.0
4fddeee9,A,City C,Member,Female,Sports and travel,26.81,10,13.4,281.5,2024-11-15,06:20:12,Credit card,268.1,4.76,13.4,8.2
3275dcca,B,City A,Normal,Female,Health and beauty,43.23,6,12.97,272.35,2024-04-04,18:36:50,Ewallet,259.38,4.76,12.97,5.2
5ce61f02,B,City A,Member,Male,Food and beverages,75.02,1,3.75,78.77,2024-06-25,05:27:41,Ewallet,75.02,4.76,3.75,8.1
483e291e,A,City B,Normal,Female,Health and beauty,92.77,10,46.38,974.08,2024-09-12,02:58:51,Ewallet,927.7,4.76,46.38,6.2
b0ae714a,C,City B,Member,Male,Electronic accessories,39.09,10,19.55,410.45,2024-05-27,07:35:43,Ewallet,390.9,4.76,19.55,7.7
8b2eb005,B,City A,Member,Female,Health and beauty,25.11,5,6.28,131.83,2024-10-12,17:48:48,Cash,125.55,4.76,6.28,5.4
fe4836e2,A,City A,Member,Male,Food and beverages,81.92,3,12.29,258.05,2024-10-08,09:16:50,Credit card,245.76,4.76,12.29,9.8
defc3656,C,City B,Normal,Female,Health and beauty,65.29,4,13.06,274.22,2024-10-29,04:11:02,Credit card,261.16,4.76,13.06,7.3
7fd0fecb,B,City B,Member,Male,Food and beverages,61.66,9,27.75,582.69,2024-11-19,02:53:57,Credit card,554.94,4.76,27.75,9.5
dee93f3c,C,City A,Member,Female,Health and beauty,29.9,10,14.95,313.95,2024-04-13,04:18:54,Cash,299.0,4.76,14.95,8.2
4fcd7d6f,B,City B,Normal,Male,Food and beverages,47.65,3,7.15,150.1,2024-02-28,12:50:00,Cash,142.95,4.76,7.15,8.0
c4d00c6a,B,City B,Normal,Female,Health and beauty,35.98,7,12.59,264.45,2024-06-11,04:26:53,Cash,251.86,4.76,12.59,9.7
794fb743,B,City A,Normal,Male,Fashion accessories,70.35,6,21.11,443.21,2024-09-06,18:50:57,Ewallet,422.1,4.76,21.11,7.9
87999e8e,B,City B,Normal,Female,Sports and travel,19.02,2,1.9,39.94,2024-06-15,21:20:42,Ewallet,38.04,4.76,1.9,7.8
d5c5942f,A,City B,Normal,Female,Health and beauty,87.96,9,39.58,831.22,2024-10-17,13:57:17,Credit card,791.64,4.76,39.58,9.8
fd695ea6,A,City C,Normal,Male,Sports and travel,52.12,4,10.42,218.9,2024-05-02,02:21:02,Ewallet,208.48,4.76,10.42,7.7
89220670,A,City B,Normal,Male,Food and beverages,40.03,9,18.01,378.28,2024-12-19,06:55:53,Credit card,360.27,4.76,18.01,4.4
ee2f10cb,A,City C,Normal,Female,Food and beverages,96.79,1,4.84,101.63,2024-09-14,03:44:12,Cash,96.79,4.76,4.84,7.5
48e6de07,B,City C,Member,Male,Food and beverages,19.01,5,4.75,99.8,2024-04-26,02:07:40,Credit card,95.05,4.76,4.75,4.6
0be54c12,C,City B,Normal,Female,Electronic accessories,88.27,6,26.48,556.1,2024-12-13,19:46:08,Ewallet,529.62,4.76,26.48,10.0
f4c479fd,A,City B,Member,Female,Fashion accessories,72.64,8,29.06,610.18,2024-09-01,19:38:58,Credit card,581.12,4.76,29.06,6.3
e0530ec6,C,City A,Member,Female,Home and lifestyle,69.63,2,6.96,146.22,2024-03-04,11:35:14,Credit card,139.26,4.76,6.96,6.1
62425780,C,City C,Member,Male,Home and lifestyle,19.35,10,9.68,203.18,2024-08-06,05:07:30,Ewallet,193.5,4.76,9.68,9.5
34d7b9ac,C,City B,Normal,Female,Fashion accessories,53.35,7,18.67,392.12,2024-08-05,04:01:52,Cash,373.45,4.76,18.67,9.9
c01c2118,C,City A,Normal,Female,Home and lifestyle,92.51,7,32.38,679.95,2024-09-08,18:44:52,Credit card,647.57,4.76,32.38,8.1
1607946c,A,City A,Member,Male,Electronic accessories,79.6,2,7.96,167.16,2024-03-30,14:37:50,Ewallet,159.2,4.76,7.96,8.1
355a466b,B,City A,Member,Female,Home and lifestyle,47.11,8,18.84,395.72,2024-11-23,00:57:43,Ewallet,376.88,4.76,18.84,8.2
a97fcb63,A,City C,Member,Male,Electronic accessories,11.19,9,5.04,105.75,2024-11-21,22:09:00,Ewallet,100.71,4.76,5.04,7.5
9333fe28,C,City A,Normal,Female,Fashion accessories,46.43,10,23.22,487.52,2024-06-03,23:53:29,Credit card,464.3,4.76,23.22,7.9
791e1ed1,C,City A,Normal,Female,Home and lifestyle,57.5,4,11.5,241.5,2024-11-27,13:42:50,Credit card,230.0,4.76,11.5,5.2
33d2d70c,A,City C,Normal,Male,Health and beauty,73.44,9,33.05,694.01,2024-07-31,04:09:41,Ewallet,660.96,4.76,33.05,6.8
f12ad3cf,C,City C,Normal,Male,Home and lifestyle,16.33,3,2.45,51.44,2024-09-04,02:23:10,Ewallet,48.99,4.76,2.45,8.4
0469f761,B,City C,Normal,Male,Fashion accessories,18.32,6,5.5,115.42,2024-02-04,10:41:24,Credit card,109.92,4.76,5.5,4.3
e12bf9f5,B,City B,Normal,Female,Fashion accessories,61.26,9,27.57,578.91,2024-02-26,12:41:42,Ewallet,551.34,4.76,27.57,4.5
64372823,B,City B,Normal,Male,Home and lifestyle,19.47,10,9.73,204.43,2024-06-16,16:49:57,Credit card,194.7,4.76,9.73,8.0
f4156452,B,City B,Member,Female,Sports and travel,98.38,3,14.76,309.9,2025-01-06,02:58:47,Ewallet,295.14,4.76,14.76,9.2
3dbc975a,B,City B,Normal,Female,Electronic accessories,29.31,6,8.79,184.65,2024-04-09,16:51:28,Credit card,175.86,4.76,8.79,7.9
60bb8ea4,A,City B,Normal,Male,Food and beverages,88.43,5,22.11,464.26,2024-11-02,10:55:15,Cash,442.15,4.76,22.11,9.8
ba2c1393,A,City B,Member,Female,Sports and travel,32.35,10,16.18,339.68,2024-05-25,22:37:21,Credit card,323.5,4.76,16.18,5.1
ee44332b,B,City C,Normal,Female,Electronic accessories,79.93,4,15.99,335.71,2024-07-05,01:58:30,Ewallet,319.72,4.76,15.99,5.9
7c3ec023,B,City A,Normal,Male,Fashion accessories,80.71,7,28.25,593.22,2024-02-13,14:26:27,Cash,564.97,4.76,28.25,6.2
2e6437b4,B,City B,Normal,Female,Health and beauty,38.38,8,15.35,322.39,2024-02-01,13:13:17,Cash,307.04,4.76,15.35,4.2
566758ff,A,City C,Normal,Male,Home and lifestyle,71.56,6,21.47,450.83,2025-01-19,16:44:15,Ewallet,429.36,4.76,21.47,4.2
36af8c2a,B,City B,Normal,Male,Sports and travel,94.33,2,9.43,198.09,2024-03-08,06:38:37,Credit card,188.66,4.76,9.43,7.5
388d7d59,C,City B,Member,Female,Home and lifestyle,96.38,6,28.91,607.19,2024-10-22,02:04:34,Ewallet,578.28,4.76,28.91,7.9
9c0cd41f,B,City C,Normal,Male,Home and lifestyle,39.55,10,19.78,415.28,2024-12-04,18:49:09,Credit card,395.5,4.76,19.78,9.9
c5c93104,C,City A,Member,Female,Sports and travel,60.69,10,30.34,637.24,2024-12-08,23:51:14,Credit card,606.9,4.76,30.34,5.5
356ecf06,A,City C,Member,Male,Fashion accessories,68.25,2,6.83,143.33,2024-05-08,12:05:02,Credit card,136.5,4.76,6.83,9.6
a35b6269,B,City C,Normal,Female,Home and lifestyle,22.24,9,10.01,210.17,2024-04-25,01:52:05,Cash,200.16,4.76,10.01,5.0
7efa32ff,A,City A,Member,Male,Sports and travel,61.16,1,3.06,64.22,2025-01-06,12:14:36,Credit card,61.16,4.76,3.06,7.7
89ada0b5,C,City C,Member,Male,Sports and travel,20.19,6,6.06,127.2,2024-08-31,13:41:09,Credit card,121.14,4.76,6.06,7.3
dbef87c2,C,City A,Member,Male,Food and beverages,74.66,9,33.6,705.54,2024-05-13,03:36:22,Credit card,671.94,4.76,33.6,6.3
b3e1efd6,C,City A,Normal,Male,Sports and travel,95.42,7,33.4,701.34,2024-01-24,11:52:41,Credit card,667.94,4.76,33.4,9.1
de25ac65,B,City B,Member,Male,Sports and travel,98.16,3,14.72,309.2,2024-11-08,19:26:54,Credit card,294.48,4.76,14.72,4.7
7bdbe9ef,C,City A,Normal,Female,Electronic accessories,15.87,9,7.14,149.97,2024-06-23,07:33:49,Ewallet,142.83,4.76,7.14,5.9
02301eaa,A,City A,Member,Female,Food and beverages,31.89,9,14.35,301.36,2024-05-21,23:26:42,Cash,287.01,4.76,14.35,9.3
c5bce6ec,A,City A,Normal,Female,Fashion accessories,86.72,3,13.01,273.17,2024-12-26,01:48:35,Cash,260.16,4.76,13.01,5.9
a39a4e63,C,City B,Member,Male,Sports and travel,84.56,8,33.82,710.3,2024-03-13,18:55:01,Ewallet,676.48,4.76,33.82,8.1
bcf6910e,C,City C,Normal,Female,Food and beverages,65.96,2,6.6,138.52,2024-10-28,17:55:12,Ewallet,131.92,4.76,6.6,5.0
649cb07a,A,City C,Member,Male,Electronic accessories,70.11,10,35.05,736.15,2024-05-29,17:27:56,Credit card,701.1,4.76,35.05,4.7
ba22d751,C,City C,Normal,Male,Health and beauty,63.96,1,3.2,67.16,2024-07-26,12:26:52,Cash,63.96,4.76,3.2,5.4
c80ea926,B,City B,Normal,Female,Fashion accessories,50.98,5,12.74,267.64,2024-11-30,07:51:05,Cash,254.9,4.76,12.74,6.0
9b1e2945,B,City A,Member,Female,Sports and travel,43.78,3,6.57,137.91,2024-04-30,06:07:21,Credit card,131.34,4.76,6.57,6.2
5c8df899,B,City A,Normal,Male,Health and beauty,24.08,2,2.41,50.57,2024-04-09,20:24:02,Cash,48.16,4.76,2.41,5.7
7c2f0ba7,A,City B,Member,Female,Health and beauty,53.06,4,10.61,222.85,2024-07-19,02:26:32,Credit card,212.24,4.76,10.61,8.4
0a8a4fe5,A,City C,Member,Female,Sports and travel,58.27,8,23.31,489.47,2024-12-06,18:35:42,Cash,466.16,4.76,23.31,7.9
17eabd7a,A,City C,Normal,Male,Food and beverages,38.27,3,5.74,120.55,2024-05-17,22:26:44,Cash,114.81,4.76,5.74,9.0
9ae25405,A,City C,Normal,Male,Sports and travel,10.48,2,1.05,22.01,2024-09-25,13:42:41,Cash,20.96,4.76,1.05,4.1
33ef6073,B,City C,Normal,Male,Fashion accessories,78.62,2,7.86,165.1,2025-01-08,12:58:33,Cash,157.24,4.76,7.86,5.0
52b326c3,A,City A,Normal,Female,Health and beauty,23.73,4,4.75,99.67,2024-05-08,05:41:08,Cash,94.92,4.76,4.75,7.9
4cab846d,A,City B,Member,Male,Food and beverages,90.5,8,36.2,760.2,2024-04-13,11:19:53,Credit card,724.0,4.76,36.2,8.8
057f70e6,B,City A,Member,Male,Electronic accessories,95.57,5,23.89,501.74,2024-05-09,22:58:09,Credit card,477.85,4.76,23.89,5.2
af33c7e4,A,City C,Normal,Female,Health and beauty,10.32,3,1.55,32.51,2024-11-29,13:46:33,Ewallet,30.96,4.76,1.55,9.6
b3eb2148,C,City B,Member,Female,Electronic accessories,76.92,8,30.77,646.13,2024-09-02,14:05:51,Credit card,615.36,4.76,30.77,5.5
ec00ceac,C,City B,Normal,Male,Sports and travel,57.89,7,20.26,425.49,2024-06-02,03:32:37,Ewallet,405.23,4.76,20.26,5.3
0d1f3063,A,City B,Normal,Male,Fashion accessories,85.73,7,30.01,630.12,2024-03-14,11:41:21,Cash,600.11,4.76,30.01,8.4
afa9efc6,B,City C,Normal,Male,Food and beverages,81.61,3,12.24,257.07,2024-06-06,03:47:16,Ewallet,244.83,4.76,12.24,5.4
859dc115,A,City B,Normal,Female,Sports and travel,65.04,2,6.5,136.58,2024-10-13,09:34:41,Cash,130.08,4.76,6.5,9.8
e6642eba,A,City B,Member,Female,Electronic accessories,83.44,8,33.38,700.9,2024-07-10,21:52:27,Cash,667.52,4.76,33.38,5.2
38a07b5e,B,City C,Normal,Male,Sports and travel,52.0,6,15.6,327.6,2024-01-24,05:16:30,Ewallet,312.0,4.76,15.6,4.4
56ec1423,A,City A,Normal,Male,Home and lifestyle,21.27,5,5.32,111.67,2024-12-26,07:34:18,Ewallet,106.35,4.76,5.32,5.9
ee4e82ee,C,City C,Member,Male,Health and beauty,50.77,8,20.31,426.47,2024-07-14,21:06:39,Cash,406.16,4.76,20.31,4.8
3987215a,B,City C,Member,Female,Sports and travel,27.91,5,6.98,146.53,2024-04-16,07:26:01,Cash,139.55,4.76,6.98,4.2
3956e164,A,City B,Member,Male,Health and beauty,77.42,10,38.71,812.91,2024-03-31,00:48:05,Credit card,774.2,4.76,38.71,6.0
0a9e97db,A,City C,Member,Female,Electronic accessories,87.35,7,30.57,642.02,2024-11-14,06:11:18,Ewallet,611.45,4.76,30.57,8.3
d6f1bb5c,A,City A,Member,Female,Fashion accessories,11.58,3,1.74,36.48,2024-11-25,13:33:26,Ewallet,34.74,4.76,1.74,6.1
b0f71739,A,City C,Member,Male,Food and beverages,51.13,3,7.67,161.06,2024-05-28,16:22:09,Cash,153.39,4.76,7.67,9.2
0dbe7f56,C,City B,Member,Male,Home and lifestyle,58.06,8,23.22,487.7,2024-02-27,20:49:37,Credit card,464.48,4.76,23.22,8.1
7c7f2494,C,City A,Normal,Male,Sports and travel,51.71,1,2.59,54.3,2024-08-27,03:13:13,Credit card,51.71,4.76,2.59,6.4
e14ec9c5,A,City C,Normal,Male,Electronic accessories,26.17,10,13.09,274.79,2024-06-29,05:48:04,Credit card,261.7,4.76,13.09,4.4
e6e08e41,A,City B,Member,Female,Food and beverages,91.97,9,41.39,869.12,2024-07-24,13:10:32,Credit card,827.73,4.76,41.39,4.6
8031b1e0,A,City B,Member,Female,Electronic accessories,99.97,6,29.99,629.81,2024-04-16,02:30:25,Credit card,599.82,4.76,29.99,6.9
57fb3650,B,City A,Normal,Female,Electronic accessories,98.75,9,44.44,933.19,2024-10-12,12:33:33,Ewallet,888.75,4.76,44.44,8.7
684a7d37,A,City C,Member,Female,Home and lifestyle,89.1,4,17.82,374.22,2025-01-11,00:45:01,Cash,356.4,4.76,17.82,5.7
cdaa269b,A,City C,Member,Female,Fashion accessories,17.53,5,4.38,92.03,2024-05-09,07:23:00,Ewallet,87.65,4.76,4.38,8.6
6036ef65,B,City C,Member,Female,Food and beverages,13.59,3,2.04,42.81,2024-07-12,14:57:16,Cash,40.77,4.76,2.04,9.4
9298655f,B,City C,Normal,Female,Food and beverages,31.75,5,7.94,166.69,2024-12-02,20:46:34,Credit card,158.75,4.76,7.94,9.7
64192536,B,City C,Normal,Female,Sports and travel,46.78,10,23.39,491.19,2025-01-13,02:12:21,Cash,467.8,4.76,23.39,5.5
a3e67647,C,City B,Member,Female,Sports and travel,67.4,7,23.59,495.39,2024-12-14,00:57:47,Credit card,471.8,4.76,23.59,8.4
89fb15a9,B,City B,Member,Male,Home and lifestyle,94.8,10,47.4,995.4,2024-07-24,01:27:56,Credit card,948.0,4.76,47.4,9.2
3cf3e18d,C,City A,Member,Female,Home and lifestyle,55.04,1,2.75,57.79,2024-12-10,19:15:48,Credit card,55.04,4.76,2.75,9.0
604c3571,C,City B,Member,Female,Sports and travel,62.78,2,6.28,131.84,2024-11-07,21:48:22,Credit card,125.56,4.76,6.28,9.3
5eef3bc1,A,City A,Normal,Male,Fashion accessories,97.3,4,19.46,408.66,2024-07-29,03:45:14,Credit card,389.2,4.76,19.46,8.3
2a3c6cf0,A,City C,Member,Female,Food and beverages,91.26,1,4.56,95.82,2024-06-06,21:25:15,Cash,91.26,4.76,4.56,8.7
a4aaf47f,B,City B,Member,Male,Home and lifestyle,30.47,2,3.05,63.99,2024-09-15,06:09:36,Cash,60.94,4.76,3.05,7.0
3b5b648b,A,City A,Normal,Male,Sports and travel,75.01,10,37.51,787.61,2024-10-03,19:30:59,Credit card,750.1,4.76,37.51,6.6
a6b83551,B,City C,Normal,Female,Fashion accessories,61.36,6,18.41,386.57,2024-10-03,04:16:38,Ewallet,368.16,4.76,18.41,6.2
86fe1e24,A,City B,Normal,Male,Fashion accessories,92.92,7,32.52,682.96,2024-11-23,17:08:58,Credit card,650.44,4.76,32.52,4.1
c0cb6be0,C,City A,Normal,Male,Sports and travel,59.68,1,2.98,62.66,2024-04-02,00:00:11,Credit card,59.68,4.76,2.98,9.0
7edeb5d4,B,City C,Member,Female,Home and lifestyle,41.34,5,10.34,217.04,2024-10-13,07:01:48,Ewallet,206.7,4.76,10.34,8.9
12449a0c,B,City A,Member,Female,Home and lifestyle,70.39,8,28.16,591.28,2024-11-25,08:25:36,Credit card,563.12,4.76,28.16,5.0
c4112249,A,City B,Normal,Female,Electronic accessories,86.68,1,4.33,91.01,2024-07-30,12:00:49,Credit card,86.68,4.76,4.33,4.7
c83e3d47,C,City B,Normal,Female,Home and lifestyle,63.0,10,31.5,661.5,2024-03-20,07:53:14,Ewallet,630.0,4.76,31.5,5.7
979e7f4b,A,City A,Normal,Female,Home and lifestyle,85.81,6,25.74,540.6,2024-03-16,23:32:36,Cash,514.86,4.76,25.74,8.2
64e8fd1e,C,City B,Normal,Female,Fashion accessories,90.65,3,13.6,285.55,2024-05-11,14:27:50,Credit card,271.95,4.76,13.6,4.4
14d6803b,C,City C,Member,Female,Fashion accessories,39.34,4,7.87,165.23,2024-07-06,08:18:04,Credit card,157.36,4.76,7.87,5.3
7d45b902,C,City B,Normal,Female,Sports and travel,14.49,8,5.8,121.72,2024-05-15,02:28:33,Cash,115.92,4.76,5.8,5.9
10e3e60d,B,City B,Normal,Male,Electronic accessories,93.48,5,23.37,490.77,2025-01-18,14:02:45,Credit card,467.4,4.76,23.37,9.5
7793ee96,B,City B,Member,Male,Home and lifestyle,56.41,7,19.74,414.61,2024-06-05,21:11:20,Credit card,394.87,4.76,19.74,4.9
f22dfb99,B,City A,Member,Male,Sports and travel,62.67,10,31.34,658.04,2024-06-26,22:53:15,Credit card,626.7,4.76,31.34,8.3
bcb7654e,A,City C,Normal,Male,Sports and travel,61.07,7,21.37,448.86,2024-08-22,06:18:06,Cash,427.49,4.76,21.37,5.8
62b98eab,A,City C,Normal,Female,Sports and travel,81.29,6,24.39,512.13,2024-09-04,06:54:24,Cash,487.74,4.76,24.39,4.2
e9658866,A,City B,Member,Male,Electronic accessories,89.64,8,35.86,752.98,2024-12-31,18:06:28,Ewallet,717.12,4.76,35.86,8.1
b60effdc,C,City A,Member,Female,Food and beverages,41.43,9,18.64,391.51,2024-02-08,23:52:47,Ewallet,372.87,4.76,18.64,8.0
0872e7ca,A,City A,Normal,Female,Food and beverages,46.63,5,11.66,244.81,2024-06-20,07:41:02,Cash,233.15,4.76,11.66,4.5
47ce0763,B,City B,Member,Female,Sports and travel,65.07,10,32.53,683.23,2024-06-10,14:45:50,Cash,650.7,4.76,32.53,5.6
905fc5ff,B,City B,Normal,Male,Sports and travel,50.21,2,5.02,105.44,2024-05-09,21:32:01,Ewallet,100.42,4.76,5.02,6.1
3844846e,A,City A,Member,Male,Sports and travel,96.13,10,48.06,1009.36,2024-11-27,21:59:09,Ewallet,961.3,4.76,48.06,7.4
af55c4b1,A,City A,Member,Female,Fashion accessories,88.71,8,35.48,745.16,2024-08-17,10:32:12,Ewallet,709.68,4.76,35.48,8.7
2250b98a,C,City A,Member,Male,Fashion accessories,73.92,10,36.96,776.16,2024-05-19,16:45:53,Cash,739.2,4.76,36.96,8.2
96777907,B,City B,Normal,Female,Fashion accessories,46.03,2,4.6,96.66,2024-02-02,12:49:15,Ewallet,92.06,4.76,4.6,9.0
fdbd5bab,B,City A,Member,Female,Food and beverages,94.09,3,14.11,296.38,2024-03-07,07:21:17,Cash,282.27,4.76,14.11,5.7
96aa3aff,A,City B,Member,Male,Health and beauty,93.43,7,32.7,686.71,2024-08-07,23:01:20,Cash,654.01,4.76,32.7,9.9
a302ec64,C,City B,Member,Female,Food and beverages,96.49,4,19.3,405.26,2024-02-27,05:00:35,Ewallet,385.96,4.76,19.3,6.7
5efa42a8,A,City B,Normal,Female,Food and beverages,34.76,7,12.17,255.49,2024-05-18,09:48:24,Cash,243.32,4.76,12.17,5.5
de853ff6,B,City B,Normal,Male,Home and lifestyle,79.85,4,15.97,335.37,2024-06-07,07:20:01,Ewallet,319.4,4.76,15.97,6.0
81e25800,A,City A,Member,Female,Health and beauty,92.73,4,18.55,389.47,2024-10-05,18:22:40,Ewallet,370.92,4.76,18.55,6.1
1c126497,A,City B,Normal,Female,Electronic accessories,28.72,3,4.31,90.47,2025-01-08,18:12:11,Ewallet,86.16,4.76,4.31,9.1
b7fc753c,A,City A,Normal,Female,Fashion accessories,96.44,10,48.22,1012.62,2024-11-28,20:18:28,Credit card,964.4,4.76,48.22,9.7
ad85e4e6,C,City C,Member,Female,Electronic accessories,78.96,8,31.58,663.26,2024-08-06,22:06:45,Credit card,631.68,4.76,31.58,4.5
a55093e5,C,City B,Normal,Female,Sports and travel,13.0,2,1.3,27.3,2024-03-09,22:40:19,Ewallet,26.0,4.76,1.3,9.5
488e24c6,C,City C,Normal,Male,Food and beverages,77.02,2,7.7,161.74,2024-03-21,11:18:55,Ewallet,154.04,4.76,7.7,5.2
04c2d67a,C,City C,Normal,Male,Food and beverages,13.99,2,1.4,29.38,2024-05-11,13:49:35,Ewallet,27.98,4.76,1.4,7.8
853c3f88,C,City B,Normal,Female,Fashion accessories,96.5,1,4.83,101.33,2024-08-05,18:27:13,Ewallet,96.5,4.76,4.83,6.8
1b075ec6,B,City B,Member,Female,Fashion accessories,53.0,2,5.3,111.3,2024-04-21,09:41:49,Credit card,106.0,4.76,5.3,8.7
5eb4e5eb,B,City A,Member,Female,Sports and travel,11.16,8,4.46,93.74,2024-04-25,06:43:07,Credit card,89.28,4.76,4.46,7.3
de33578b,B,City A,Member,Male,Food and beverages,78.47,9,35.31,741.54,2024-05-24,23:08:41,Cash,706.23,4.76,35.31,5.6
bbc484cf,A,City B,Member,Female,Fashion accessories,93.55,6,28.06,589.36,2024-09-24,04:42:34,Ewallet,561.3,4.76,28.06,7.2
7c4a29df,C,City B,Normal,Male,Health and beauty,60.67,5,15.17,318.52,2024-12-27,02:25:51,Cash,303.35,4.76,15.17,5.1
57d04037,C,City B,Normal,Female,Electronic accessories,80.18,6,24.05,505.13,2024-10-06,01:16:19,Cash,481.08,4.76,24.05,6.1
d29f7081,A,City C,Normal,Female,Health and beauty,63.99,10,32.0,671.9,2024-07-19,00:15:43,Ewallet,639.9,4.76,32.0,6.9
db4a910c,A,City C,Member,Male,Food and beverages,87.44,2,8.74,183.62,2024-03-29,02:56:01,Credit card,174.88,4.76,8.74,8.6
508eeb4f,B,City B,Normal,Male,Electronic accessories,35.52,10,17.76,372.96,2024-10-02,20:55:21,Cash,355.2,4.76,17.76,6.4
1825a6fd,A,City A,Member,Male,Fashion accessories,81.04,6,24.31,510.55,2024-02-14,11:21:32,Cash,486.24,4.76,24.31,9.3
0889cfc8,C,City B,Normal,Male,Electronic accessories,78.44,4,15.69,329.45,2024-03-04,13:02:43,Cash,313.76,4.76,15.69,4.1
090e8e07,B,City B,Member,Male,Health and beauty,80.85,3,12.13,254.68,2024-12-24,03:40:58,Credit card,242.55,4.76,12.13,6.5
9ff2abbc,C,City A,Normal,Female,Fashion accessories,24.54,8,9.82,206.14,2024-07-12,07:29:52,Cash,196.32,4.76,9.82,5.9
14dd1c04,C,City B,Member,Female,Sports and travel,70.42,5,17.61,369.71,2024-10-21,23:07:05,Credit card,352.1,4.76,17.61,9.0
0e7d564b,B,City C,Normal,Female,Sports and travel,76.93,9,34.62,726.99,2024-04-24,21:32:52,Cash,692.37,4.76,34.62,4.6
7acd2cda,A,City C,Member,Female,Home and lifestyle,92.55,3,13.88,291.53,2024-06-05,09:18:29,Cash,277.65,4.76,13.88,4.7
25d30f74,A,City C,Member,Female,Health and beauty,33.46,2,3.35,70.27,2024-01-29,05:55:07,Credit card,66.92,4.76,3.35,8.1
37f7efaa,C,City B,Normal,Female,Food and beverages,28.91,2,2.89,60.71,2024-02-21,19:04:54,Cash,57.82,4.76,2.89,9.3
8de46185,B,City A,Normal,Male,Health and beauty,57.55,2,5.75,120.85,2024-11-22,10:42:52,Credit card,115.1,4.76,5.75,6.4
6c46aeee,C,City C,Normal,Male,Home and lifestyle,69.7,6,20.91,439.11,2024-12-24,06:37:15,Ewallet,418.2,4.76,20.91,5.8
9740be02,A,City A,Member,Female,Sports and travel,85.26,6,25.58,537.14,2024-01-26,01:52:17,Credit card,511.56,4.76,25.58,6.7
67152e1d,C,City B,Normal,Male,Fashion accessories,83.04,4,16.61,348.77,2024-07-23,11:50:44,Credit card,332.16,4.76,16.61,9.5
aa8fa8ef,C,City C,Normal,Male,Electronic accessories,59.26,5,14.82,311.12,2024-06-18,17:52:07,Credit card,296.3,4.76,14.82,9.7
7ef6b2d7,C,City A,Member,Female,Home and lifestyle,72.46,4,14.49,304.33,2024-09-06,22:20:10,Ewallet,289.84,4.76,14.49,8.7
0641652b,A,City C,Member,Male,Electronic accessories,51.04,6,15.31,321.55,2024-05-24,14:40:12,Ewallet,306.24,4.76,15.31,6.8
f787fc9f,A,City A,Member,Male,Sports and travel,93.71,6,28.11,590.37,2024-08-26,17:35:39,Credit card,562.26,4.76,28.11,7.7
b351602d,A,City B,Normal,Male,Health and beauty,79.35,9,35.71,749.86,2024-06-25,02:05:21,Cash,714.15,4.76,35.71,6.8
6e4bd060,C,City B,Normal,Female,Fashion accessories,82.46,9,37.11,779.25,2024-04-16,16:37:54,Ewallet,742.14,4.76,37.11,6.2
98af899a,A,City A,Member,Male,Sports and travel,56.53,1,2.83,59.36,2024-05-24,00:53:27,Credit card,56.53,4.76,2.83,8.3
4961b618,C,City A,Member,Female,Sports and travel,63.61,4,12.72,267.16,2024-01-29,21:28:19,Cash,254.44,4.76,12.72,8.2
f0a34e53,C,City A,Member,Male,Electronic accessories,83.51,6,25.05,526.11,2024-12-12,07:27:55,Credit card,501.06,4.76,25.05,4.2
45baa260,C,City B,Normal,Male,Electronic accessories,34.12,8,13.65,286.61,2024-03-10,20:22:28,Ewallet,272.96,4.76,13.65,7.5
75cf14c9,C,City A,Normal,Female,Home and lifestyle,89.12,4,17.82,374.3,2024-07-02,20:59:48,Ewallet,356.48,4.76,17.82,4.3
f4e9b879,A,City A,Normal,Female,Sports and travel,58.37,9,26.27,551.6,2024-03-14,23:38:37,Cash,525.33,4.76,26.27,5.6
46955672,B,City B,Member,Female,Electronic accessories,80.5,1,4.03,84.53,2024-02-02,03:26:30,Ewallet,80.5,4.76,4.03,7.6
c4a49202,A,City A,Member,Female,Electronic accessories,20.06,10,10.03,210.63,2024-08-18,10:50:55,Cash,200.6,4.76,10.03,9.2
f070f3c9,A,City B,Normal,Female,Food and beverages,50.45,9,22.7,476.75,2024-09-16,21:38:11,Cash,454.05,4.76,22.7,10.0
3cc14125,B,City A,Member,Male,Fashion accessories,28.42,8,11.37,238.73,2024-04-03,17:19:48,Credit card,227.36,4.76,11.37,4.5
3e49140d,B,City C,Normal,Male,Fashion accessories,75.03,6,22.51,472.69,2024-11-24,17:19:11,Credit card,450.18,4.76,22.51,5.3
427f9cdb,B,City A,Member,Female,Health and beauty,83.43,7,29.2,613.21,2024-11-05,09:37:34,Ewallet,584.01,4.76,29.2,9.5
db14908f,A,City C,Member,Male,Electronic accessories,31.55,4,6.31,132.51,2024-04-28,20:15:43,Ewallet,126.2,4.76,6.31,9.7
b4bc7949,B,City B,Normal,Female,Sports and travel,98.44,9,44.3,930.26,2024-09-22,08:16:36,Ewallet,885.96,4.76,44.3,4.5
2d378dc0,C,City C,Normal,Female,Food and beverages,37.5,3,5.62,118.12,2024-02-26,23:33:47,Ewallet,112.5,4.76,5.62,5.7
1fd0c4be,B,City C,Normal,Male,Food and beverages,50.42,5,12.61,264.71,2024-08-20,12:11:11,Cash,252.1,4.76,12.61,7.4
6bd698c4,C,City B,Member,Female,Health and beauty,67.45,9,30.35,637.4,2025-01-13,19:22:22,Cash,607.05,4.76,30.35,9.9
d9de5201,C,City B,Member,Male,Fashion accessories,64.91,9,29.21,613.4,2024-01-29,10:15:18,Ewallet,584.19,4.76,29.21,9.7
dc5b751f,C,City A,Member,Male,Health and beauty,59.64,4,11.93,250.49,2024-04-25,14:40:10,Credit card,238.56,4.76,11.93,7.8
27d6fe77,C,City C,Member,Male,Food and beverages,94.9,2,9.49,199.29,2024-02-14,03:53:52,Cash,189.8,4.76,9.49,9.7
d5cfe900,C,City A,Member,Male,Sports and travel,87.64,10,43.82,920.22,2024-08-15,21:51:18,Credit card,876.4,4.76,43.82,6.6
da877359,A,City A,Normal,Male,Fashion accessories,91.0,10,45.5,955.5,2024-10-14,06:29:55,Cash,910.0,4.76,45.5,5.3
74b0cb47,B,City A,Normal,Female,Home and lifestyle,13.76,8,5.5,115.58,2024-10-25,05:38:32,Cash,110.08,4.76,5.5,4.0
6d4e0141,C,City C,Member,Male,Home and lifestyle,12.56,7,4.4,92.32,2024-02-20,17:18:25,Cash,87.92,4.76,4.4,8.2
3ba7fa69,C,City C,Normal,Female,Home and lifestyle,51.04,4,10.21,214.37,2024-07-06,01:54:39,Credit card,204.16,4.76,10.21,7.5
d4128c75,A,City C,Normal,Female,Fashion accessories,75.4,10,37.7,791.7,2024-07-14,14:55:22,Cash,754.0,4.76,37.7,10.0
5fef040b,B,City B,Normal,Male,Sports and travel,53.53,1,2.68,56.21,2024-02-14,11:36:59,Credit card,53.53,4.76,2.68,4.3
5c7679e8,C,City A,Member,Male,Sports and travel,43.74,10,21.87,459.27,2024-02-23,02:33:24,Ewallet,437.4,4.76,21.87,9.9
fea03d0f,A,City C,Normal,Female,Home and lifestyle,80.81,1,4.04,84.85,2025-01-12,23:58:04,Ewallet,80.81,4.76,4.04,4.7
09d0222b,B,City A,Normal,Male,Food and beverages,96.28,7,33.7,707.66,2024-07-08,21:58:00,Ewallet,673.96,4.76,33.7,6.7
190c7a6e,A,City B,Member,Male,Electronic accessories,28.65,1,1.43,30.08,2024-09-09,19:14:30,Credit card,28.65,4.76,1.43,5.2
404a1265,A,City C,Member,Male,Home and lifestyle,45.55,8,18.22,382.62,2024-11-19,14:36:27,Credit card,364.4,4.76,18.22,8.8
170069a5,C,City B,Member,Male,Home and lifestyle,38.15,5,9.54,200.29,2024-09-15,08:02:23,Credit card,190.75,4.76,9.54,4.1
2683d431,A,City A,Normal,Female,Fashion accessories,98.32,10,49.16,1032.36,2024-04-25,06:48:19,Ewallet,983.2,4.76,49.16,5.1
53653b62,A,City C,Member,Female,Electronic accessories,72.0,4,14.4,302.4,2024-09-01,07:03:53,Ewallet,288.0,4.76,14.4,7.1
32a78e94,B,City C,Member,Male,Food and beverages,45.62,1,2.28,47.9,2024-07-06,00:59:34,Credit card,45.62,4.76,2.28,9.9
40c43e17,A,City B,Normal,Male,Fashion accessories,65.65,2,6.57,137.87,2024-03-15,21:23:26,Cash,131.3,4.76,6.57,8.4
86279c6c,C,City A,Member,Male,Home and lifestyle,66.76,5,16.69,350.49,2024-02-08,08:04:41,Credit card,333.8,4.76,16.69,6.1
74fc09d3,A,City C,Member,Male,Home and lifestyle,85.4,8,34.16,717.36,2024-04-06,18:03:47,Ewallet,683.2,4.76,34.16,6.9
bf85bc3f,C,City C,Member,Female,Sports and travel,94.41,4,18.88,396.52,2025-01-18,16:33:05,Credit card,377.64,4.76,18.88,6.0
c2b2e164,A,City B,Normal,Male,Health and beauty,53.12,4,10.62,223.1,2024-06-08,18:16:14,Ewallet,212.48,4.76,10.62,9.8
08a3a8e1,B,City B,Normal,Male,Health and beauty,38.46,2,3.85,80.77,2024-10-12,10:49:32,Cash,76.92,4.76,3.85,6.1
27e63fca,C,City A,Member,Male,Food and beverages,84.73,5,21.18,444.83,2024-01-26,20:12:07,Ewallet,423.65,4.76,21.18,9.4
b42047ed,B,City C,Member,Female,Home and lifestyle,55.08,1,2.75,57.83,2024-03-27,12:34:47,Credit card,55.08,4.76,2.75,7.8
0fb6306f,C,City A,Member,Male,Food and beverages,44.42,7,15.55,326.49,2024-03-16,17:06:51,Credit card,310.94,4.76,15.55,8.4
5aaf5fd0,A,City B,Normal,Female,Food and beverages,37.56,6,11.27,236.63,2024-08-22,04:49:08,Credit card,225.36,4.76,11.27,4.2
8c4d726e,C,City A,Member,Female,Health and beauty,67.83,6,20.35,427.33,2024-09-10,17:23:26,Ewallet,406.98,4.76,20.35,4.1
277a424c,C,City B,Member,Male,Food and beverages,99.81,8,39.92,838.4,2024-03-17,16:46:58,Cash,798.48,4.76,39.92,4.6
0096ecce,B,City A,Member,Female,Fashion accessories,86.6,4,17.32,363.72,2024-11-16,06:52:59,Credit card,346.4,4.76,17.32,4.6
b2c64790,A,City B,Normal,Female,Home and lifestyle,62.48,2,6.25,131.21,2024-06-14,13:09:00,Cash,124.96,4.76,6.25,9.3
4efb001d,C,City A,Member,Female,Electronic accessories,20.26,7,7.09,148.91,2024-06-29,03:54:26,Cash,141.82,4.76,7.09,5.2
00dd0136,A,City A,Member,Male,Fashion accessories,84.23,1,4.21,88.44,2024-12-14,03:37:10,Ewallet,84.23,4.76,4.21,6.8
e877d341,A,City A,Normal,Male,Fashion accessories,16.05,7,5.62,117.97,2024-02-18,12:41:22,Credit card,112.35,4.76,5.62,7.1
4ad1767d,B,City C,Normal,Female,Health and beauty,15.71,7,5.5,115.47,2024-12-13,19:15:39,Credit card,109.97,4.76,5.5,9.1
15025496,A,City B,Member,Male,Health and beauty,96.22,9,43.3,909.28,2024-04-15,03:48:14,Ewallet,865.98,4.76,43.3,8.6
1dcece66,B,City B,Member,Female,Home and lifestyle,84.23,3,12.63,265.32,2024-11-20,22:20:57,Credit card,252.69,4.76,12.63,6.9
09e794c9,B,City B,Normal,Male,Fashion accessories,42.0,8,16.8,352.8,2024-09-04,15:02:33,Ewallet,336.0,4.76,16.8,8.5
3b9b08c6,A,City B,Normal,Male,Home and lifestyle,86.29,8,34.52,724.84,2024-03-16,09:22:33,Cash,690.32,4.76,34.52,8.2
700458a4,A,City B,Normal,Male,Health and beauty,97.4,1,4.87,102.27,2024-08-12,03:48:30,Credit card,97.4,4.76,4.87,4.3
ba38da5c,A,City A,Normal,Male,Electronic accessories,58.52,2,5.85,122.89,2024-06-23,17:07:49,Ewallet,117.04,4.76,5.85,9.5
12287264,A,City A,Normal,Female,Electronic accessories,85.31,5,21.33,447.88,2024-03-15,02:08:22,Ewallet,426.55,4.76,21.33,8.1
dfe20f03,A,City C,Normal,Male,Home and lifestyle,58.23,8,23.29,489.13,2024-08-25,05:45:07,Cash,465.84,4.76,23.29,4.7
f2c2b591,C,City A,Member,Female,Food and beverages,35.99,6,10.8,226.74,2024-08-13,07:23:21,Ewallet,215.94,4.76,10.8,7.7
8cd4fb1b,A,City A,Member,Female,Sports and travel,21.2,2,2.12,44.52,2024-03-30,06:24:33,Credit card,42.4,4.76,2.12,4.4
c3797868,C,City A,Member,Female,Health and beauty,75.01,2,7.5,157.52,2024-04-28,22:01:45,Ewallet,150.02,4.76,7.5,7.4
5c99c5bd,A,City B,Normal,Female,Home and lifestyle,52.18,2,5.22,109.58,2024-06-24,12:59:51,Ewallet,104.36,4.76,5.22,9.5
efa30089,A,City C,Member,Male,Electronic accessories,74.87,4,14.97,314.45,2024-12-24,13:17:44,Ewallet,299.48,4.76,14.97,4.8
001c0c81,B,City B,Normal,Female,Home and lifestyle,47.35,9,21.31,447.46,2024-04-23,17:57:04,Ewallet,426.15,4.76,21.31,8.2
0ab74c6f,A,City A,Normal,Male,Sports and travel,11.64,5,2.91,61.11,2024-02-16,22:17:00,Cash,58.2,4.76,2.91,9.8
29385dde,A,City B,Normal,Male,Food and beverages,67.0,4,13.4,281.4,2024-03-02,22:13:41,Credit card,268.0,4.76,13.4,8.7
77d94641,B,City A,Normal,Female,Home and lifestyle,22.09,10,11.05,231.95,2024-11-13,14:20:06,Cash,220.9,4.76,11.05,5.7
34a74955,A,City C,Member,Female,Health and beauty,12.92,9,5.81,122.09,2024-06-25,09:04:45,Credit card,116.28,4.76,5.81,9.7
77958b76,C,City A,Normal,Male,Health and beauty,57.68,9,25.96,545.08,2024-09-20,20:21:56,Cash,519.12,4.76,25.96,5.0
b0c7a253,A,City C,Normal,Female,Fashion accessories,96.94,8,38.78,814.3,2024-08-10,19:50:16,Credit card,775.52,4.76,38.78,7.0
67228e1c,C,City A,Normal,Female,Electronic accessories,26.76,3,4.01,84.29,2024-04-02,09:44:41,Credit card,80.28,4.76,4.01,8.3
eb2180d4,A,City B,Normal,Male,Fashion accessories,21.01,2,2.1,44.12,2024-06-14,13:14:20,Cash,42.02,4.76,2.1,9.5
4bd9ec91,C,City C,Member,Female,Electronic accessories,96.92,9,43.61,915.89,2024-10-29,22:40:59,Cash,872.28,4.76,43.61,5.0
3a115da0,A,City B,Normal,Female,Home and lifestyle,93.17,2,9.32,195.66,2024-11-19,21:31:29,Credit card,186.34,4.76,9.32,9.9
3474dad8,C,City B,Normal,Male,Sports and travel,19.3,1,0.97,20.27,2024-09-25,23:46:04,Credit card,19.3,4.76,0.97,9.7
7246e377,B,City C,Normal,Male,Fashion accessories,74.63,1,3.73,78.36,2024-10-03,15:25:31,Credit card,74.63,4.76,3.73,4.8
dbd55a52,A,City C,Normal,Male,Sports and travel,93.03,3,13.95,293.04,2024-11-17,14:12:32,Ewallet,279.09,4.76,13.95,6.0
8f1fa8b9,B,City C,Member,Male,Sports and travel,31.44,3,4.72,99.04,2024-02-18,13:59:33,Cash,94.32,4.76,4.72,8.7
01d6b7cf,C,City B,Normal,Male,Sports and travel,62.81,2,6.28,131.9,2024-07-18,11:26:09,Credit card,125.62,4.76,6.28,7.3
140c7748,C,City C,Normal,Male,Food and beverages,84.5,6,25.35,532.35,2024-05-27,08:23:02,Ewallet,507.0,4.76,25.35,9.1
a3b4d4e5,B,City B,Member,Male,Health and beauty,46.27,5,11.57,242.92,2024-10-15,10:43:46,Ewallet,231.35,4.76,11.57,9.1
499d3fb8,A,City B,Normal,Female,Electronic accessories,72.22,1,3.61,75.83,2024-01-30,14:27:18,Credit card,72.22,4.76,3.61,6.2
66e7c841,B,City B,Member,Male,Fashion accessories,99.03,8,39.61,831.85,2024-10-12,17:52:45,Ewallet,792.24,4.76,39.61,4.0
f1415d43,A,City C,Normal,Male,Electronic accessories,13.34,5,3.34,70.04,2024-06-21,20:54:09,Ewallet,66.7,4.76,3.34,7.1
38d1f63f,B,City C,Normal,Male,Health and beauty,21.46,1,1.07,22.53,2024-07-16,11:58:38,Ewallet,21.46,4.76,1.07,8.3
7d44ef69,B,City B,Normal,Male,Electronic accessories,95.8,8,38.32,804.72,2024-12-10,23:36:03,Ewallet,766.4,4.76,38.32,6.9
4929c9de,C,City A,Normal,Male,Electronic accessories,51.62,6,15.49,325.21,2025-01-14,10:29:59,Cash,309.72,4.76,15.49,8.5
102a3039,A,City C,Normal,Female,Fashion accessories,85.83,9,38.62,811.09,2024-12-30,07:29:02,Ewallet,772.47,4.76,38.62,7.2
1caf16f1,B,City C,Normal,Female,Food and beverages,55.15,5,13.79,289.54,2025-01-02,00:14:23,Ewallet,275.75,4.76,13.79,7.3
11ea6d11,A,City B,Member,Female,Home and lifestyle,89.47,6,26.84,563.66,2024-09-08,07:37:39,Credit card,536.82,4.76,26.84,7.9
3302be48,B,City C,Member,Female,Health and beauty,74.04,7,25.91,544.19,2024-01-24,02:18:40,Credit card,518.28,4.76,25.91,4.8
60db5fda,A,City B,Normal,Female,Food and beverages,80.64,9,36.29,762.05,2024-05-21,05:19:55,Credit card,725.76,4.76,36.29,7.9
0823fe9f,A,City C,Member,Female,Sports and travel,28.09,7,9.83,206.46,2024-02-05,19:58:05,Cash,196.63,4.76,9.83,4.7
4e10aab2,C,City A,Member,Male,Fashion accessories,27.1,10,13.55,284.55,2024-10-28,18:55:32,Cash,271.0,4.76,13.55,9.4
20591393,C,City C,Normal,Female,Food and beverages,11.81,2,1.18,24.8,2024-10-24,12:52:08,Cash,23.62,4.76,1.18,8.9
6c257c26,B,City B,Normal,Male,Sports and travel,77.73,3,11.66,244.85,2024-10-13,04:47:52,Credit card,233.19,4.76,11.66,5.9
d6352085,C,City A,Member,Female,Food and beverages,39.04,4,7.81,163.97,2024-03-29,00:49:45,Ewallet,156.16,4.76,7.81,8.9
648f1fb3,A,City A,Normal,Female,Sports and travel,70.02,4,14.0,294.08,2024-12-25,00:42:45,Ewallet,280.08,4.76,14.0,6.7
f0a96679,B,City B,Normal,Female,Health and beauty,24.97,2,2.5,52.44,2024-05-29,05:19:25,Cash,49.94,4.76,2.5,7.6
67536292,C,City C,Normal,Male,Electronic accessories,98.39,3,14.76,309.93,2024-08-15,05:04:35,Credit card,295.17,4.76,14.76,5.4
e4c68270,C,City C,Normal,Female,Health and beauty,96.01,10,48.01,1008.11,2024-05-22,07:13:09,Credit card,960.1,4.76,48.01,9.7
83a9de22,A,City A,Member,Female,Sports and travel,24.91,8,9.96,209.24,2024-12-12,22:53:16,Ewallet,199.28,4.76,9.96,9.0
90e9e381,A,City B,Member,Female,Food and beverages,87.91,1,4.4,92.31,2024-10-06,04:31:55,Cash,87.91,4.76,4.4,4.6
00354125,A,City C,Member,Female,Fashion accessories,54.09,5,13.52,283.97,2024-04-16,10:07:49,Cash,270.45,4.76,13.52,7.4
1fdd1f1e,A,City A,Normal,Male,Food and beverages,22.46,3,3.37,70.75,2024-06-21,06:04:19,Cash,67.38,4.76,3.37,7.4
97e6eace,A,City A,Normal,Female,Health and beauty,66.87,5,16.72,351.07,2025-01-06,06:17:57,Credit card,334.35,4.76,16.72,6.7
a05c33fd,A,City B,Normal,Male,Sports and travel,43.19,2,4.32,90.7,2024-05-09,05:51:04,Ewallet,86.38,4.76,4.32,7.7
65d2e561,C,City B,Member,Male,Sports and travel,78.34,4,15.67,329.03,2024-02-02,12:59:54,Ewallet,313.36,4.76,15.67,6.6
d081a18e,C,City C,Normal,Male,Food and beverages,68.68,3,10.3,216.34,2024-02-05,08:05:49,Ewallet,206.04,4.76,10.3,8.2
af91ec8f,C,City A,Normal,Female,Fashion accessories,19.7,9,8.87,186.17,2024-12-24,09:01:24,Credit card,177.3,4.76,8.87,9.1
1384b437,C,City C,Normal,Male,Sports and travel,56.74,10,28.37,595.77,2024-11-23,11:34:56,Credit card,567.4,4.76,28.37,9.7
6cf1ca4d,A,City C,Normal,Female,Fashion accessories,67.27,6,20.18,423.8,2024-12-25,15:19:34,Cash,403.62,4.76,20.18,4.3
12491d3b,B,City A,Member,Male,Food and beverages,69.59,6,20.88,438.42,2024-02-06,05:46:36,Cash,417.54,4.76,20.88,7.4
3b41d6b4,A,City A,Normal,Male,Health and beauty,33.37,9,15.02,315.35,2024-07-18,13:04:05,Credit card,300.33,4.76,15.02,6.1
5cd2109a,C,City B,Member,Female,Electronic accessories,23.4,3,3.51,73.71,2024-12-30,12:29:25,Credit card,70.2,4.76,3.51,6.2
a888de03,A,City A,Member,Male,Fashion accessories,77.54,9,34.89,732.75,2024-10-10,21:32:55,Cash,697.86,4.76,34.89,6.3
6f5134a8,C,City B,Normal,Female,Health and beauty,67.1,2,6.71,140.91,2024-07-05,09:18:40,Cash,134.2,4.76,6.71,4.8
be3ce26e,C,City A,Normal,Female,Electronic accessories,53.57,3,8.04,168.75,2024-12-16,22:08:16,Credit card,160.71,4.76,8.04,7.1
397be8ec,A,City B,Member,Male,Fashion accessories,94.78,9,42.65,895.67,2024-11-11,16:21:47,Ewallet,853.02,4.76,42.65,5.5
bd430d96,C,City B,Normal,Female,Health and beauty,75.11,1,3.76,78.87,2024-09-22,08:23:05,Cash,75.11,4.76,3.76,9.9
e5196918,C,City B,Member,Male,Electronic accessories,50.21,6,15.06,316.32,2024-09-17,22:22:42,Ewallet,301.26,4.76,15.06,4.6
eed566e1,C,City A,Normal,Male,Sports and travel,62.98,2,6.3,132.26,2024-02-12,12:51:56,Cash,125.96,4.76,6.3,6.4
65c68f6e,A,City B,Normal,Male,Electronic accessories,64.41,4,12.88,270.52,2024-06-03,19:36:49,Ewallet,257.64,4.76,12.88,9.5
9c3b1735,C,City A,Member,Male,Sports and travel,12.95,5,3.24,67.99,2024-06-27,09:45:38,Cash,64.75,4.76,3.24,6.6
5ac0414e,C,City B,Member,Male,Fashion accessories,37.24,7,13.03,273.71,2024-09-28,21:56:50,Cash,260.68,4.76,13.03,7.9
0e713840,B,City C,Normal,Female,Food and beverages,20.47,7,7.16,150.45,2024-08-30,06:05:02,Ewallet,143.29,4.76,7.16,5.8
d6d618c7,C,City C,Member,Male,Sports and travel,48.68,9,21.91,460.03,2024-08-06,14:50:46,Ewallet,438.12,4.76,21.91,7.3
feac7ff0,B,City C,Member,Male,Home and lifestyle,79.58,3,11.94,250.68,2024-09-16,08:20:29,Cash,238.74,4.76,11.94,9.8
232be786,A,City A,Member,Male,Electronic accessories,52.64,8,21.06,442.18,2024-02-06,10:50:49,Ewallet,421.12,4.76,21.06,9.7
67e0a5d7,B,City B,Member,Male,Fashion accessories,22.75,1,1.14,23.89,2024-04-12,18:34:31,Ewallet,22.75,4.76,1.14,6.7
336d1663,A,City C,Member,Female,Fashion accessories,74.22,5,18.56,389.66,2024-05-28,22:57:10,Cash,371.1,4.76,18.56,8.6
1d373d47,B,City C,Normal,Male,Sports and travel,90.34,2,9.03,189.71,2024-03-04,08:01:53,Cash,180.68,4.76,9.03,7.1
aba20bcd,C,City B,Normal,Male,Fashion accessories,68.19,1,3.41,71.6,2025-01-14,13:36:06,Cash,68.19,4.76,3.41,7.6
241909ce,A,City A,Member,Male,Electronic accessories,27.19,10,13.6,285.5,2024-12-24,11:56:05,Credit card,271.9,4.76,13.6,7.3
39076951,A,City C,Member,Male,Food and beverages,91.41,6,27.42,575.88,2025-01-18,12:37:40,Credit card,548.46,4.76,27.42,9.1
6455fe13,B,City C,Member,Male,Electronic accessories,23.6,5,5.9,123.9,2024-09-19,00:32:42,Credit card,118.0,4.76,5.9,9.0
82c57554,B,City A,Normal,Male,Fashion accessories,26.52,3,3.98,83.54,2024-10-06,17:44:19,Credit card,79.56,4.76,3.98,8.4
95798f1b,C,City C,Normal,Female,Electronic accessories,63.86,9,28.74,603.48,2024-10-13,14:42:49,Ewallet,574.74,4.76,28.74,8.2
5dcb0d6d,C,City A,Normal,Female,Food and beverages,82.55,6,24.77,520.07,2024-05-06,13:39:08,Cash,495.3,4.76,24.77,4.6
c8a534ce,A,City C,Member,Male,Sports and travel,88.73,2,8.87,186.33,2024-03-20,10:34:28,Cash,177.46,4.76,8.87,5.0
d1672fa9,A,City A,Member,Female,Sports and travel,71.71,8,28.68,602.36,2024-03-26,23:16:58,Cash,573.68,4.76,28.68,7.9
1715b798,B,City C,Member,Male,Sports and travel,19.35,4,3.87,81.27,2024-03-04,01:53:25,Credit card,77.4,4.76,3.87,7.4
41bef3c2,B,City B,Normal,Female,Health and beauty,27.32,4,5.46,114.74,2024-04-17,13:37:18,Credit card,109.28,4.76,5.46,4.5
6fd68e6a,B,City C,Normal,Male,Home and lifestyle,62.72,5,15.68,329.28,2024-07-30,10:11:27,Cash,313.6,4.76,15.68,8.5
a634b986,C,City C,Normal,Male,Sports and travel,76.8,6,23.04,483.84,2024-11-29,02:04:43,Credit card,460.8,4.76,23.04,6.2
727e3650,A,City B,Normal,Female,Food and beverages,19.87,3,2.98,62.59,2024-02-09,22:23:59,Credit card,59.61,4.76,2.98,9.2
31eeda1f,B,City C,Normal,Male,Home and lifestyle,90.41,10,45.2,949.3,2024-11-07,07:58:44,Cash,904.1,4.76,45.2,6.2
92adbe3f,B,City C,Normal,Female,Food and beverages,67.76,8,27.1,569.18,2024-11-04,07:43:17,Cash,542.08,4.76,27.1,9.4
03f753fa,C,City C,Member,Male,Home and lifestyle,62.73,1,3.14,65.87,2024-12-17,03:00:52,Credit card,62.73,4.76,3.14,7.8
f270098a,A,City C,Normal,Male,Sports and travel,22.69,6,6.81,142.95,2024-05-06,11:44:36,Cash,136.14,4.76,6.81,5.4
62fcbce5,A,City C,Member,Female,Food and beverages,26.34,8,10.54,221.26,2024-05-23,08:38:41,Cash,210.72,4.76,10.54,5.7
0659663c,C,City B,Normal,Male,Health and beauty,21.82,7,7.64,160.38,2024-08-18,13:02:12,Ewallet,152.74,4.76,7.64,6.4
44fa14ff,B,City C,Normal,Female,Sports and travel,23.35,8,9.34,196.14,2024-05-02,00:36:00,Ewallet,186.8,4.76,9.34,7.7
aae0292f,C,City B,Normal,Female,Food and beverages,21.54,4,4.31,90.47,2024-07-09,22:14:24,Ewallet,86.16,4.76,4.31,9.2
4a6bd394,B,City B,Normal,Male,Sports and travel,61.28,3,9.19,193.03,2024-03-30,11:31:15,Credit card,183.84,4.76,9.19,9.0
83a1e938,A,City C,Normal,Female,Home and lifestyle,25.9,2,2.59,54.39,2024-02-25,21:05:52,Ewallet,51.8,4.76,2.59,4.2
d8823d99,C,City B,Member,Female,Sports and travel,22.67,8,9.07,190.43,2025-01-11,09:08:09,Credit card,181.36,4.76,9.07,7.7
38cf868a,C,City C,Normal,Female,Fashion accessories,61.61,3,9.24,194.07,2024-08-14,07:48:59,Cash,184.83,4.76,9.24,9.7
1de55335,A,City B,Member,Female,Fashion accessories,40.01,2,4.0,84.02,2025-01-06,12:24:37,Ewallet,80.02,4.76,4.0,8.3
599dd97b,B,City B,Member,Female,Fashion accessories,28.63,10,14.32,300.62,2024-06-30,12:09:04,Credit card,286.3,4.76,14.32,9.3
cae26291,A,City C,Member,Female,Home and lifestyle,42.1,1,2.1,44.2,2024-02-11,19:02:45,Cash,42.1,4.76,2.1,4.8
b72c5f73,B,City B,Member,Female,Fashion accessories,83.25,6,24.98,524.48,2024-12-30,08:55:29,Ewallet,499.5,4.76,24.98,6.8
ee27c171,A,City A,Normal,Female,Food and beverages,45.31,3,6.8,142.73,2024-01-31,20:35:13,Credit card,135.93,4.76,6.8,6.3
c4419fd9,A,City C,Normal,Female,Health and beauty,91.39,6,27.42,575.76,2024-07-18,09:45:47,Ewallet,548.34,4.76,27.42,6.0
d78aeb2e,C,City C,Member,Male,Fashion accessories,81.65,4,16.33,342.93,2024-06-09,07:08:09,Ewallet,326.6,4.76,16.33,7.0
1898298c,B,City C,Normal,Male,Sports and travel,91.46,1,4.57,96.03,2024-11-17,20:29:49,Ewallet,91.46,4.76,4.57,4.7
954adcec,C,City C,Normal,Male,Sports and travel,62.2,10,31.1,653.1,2024-07-07,17:06:41,Ewallet,622.0,4.76,31.1,6.2
aa873dca,B,City B,Normal,Male,Health and beauty,57.14,9,25.71,539.97,2024-04-22,17:13:09,Ewallet,514.26,4.76,25.71,9.9
99889e09,B,City A,Member,Female,Food and beverages,40.25,4,8.05,169.05,2024-12-09,10:49:18,Cash,161.0,4.76,8.05,5.5
a164ca69,A,City B,Normal,Male,Fashion accessories,80.18,8,32.07,673.51,2024-02-10,22:46:32,Ewallet,641.44,4.76,32.07,9.6
73f7e042,C,City C,Member,Male,Home and lifestyle,22.67,4,4.53,95.21,2024-07-31,19:23:44,Ewallet,90.68,4.76,4.53,9.5
517c7431,C,City C,Normal,Female,Food and beverages,27.37,1,1.37,28.74,2025-01-01,15:48:25,Cash,27.37,4.76,1.37,7.3
59ff1078,B,City C,Member,Male,Electronic accessories,60.99,6,18.3,384.24,2024-02-29,02:54:39,Cash,365.94,4.76,18.3,9.4
cb47ab6f,C,City B,Normal,Male,Home and lifestyle,75.96,3,11.39,239.27,2024-06-04,11:52:28,Ewallet,227.88,4.76,11.39,5.1
77ab4075,A,City B,Normal,Male,Food and beverages,10.52,2,1.05,22.09,2024-07-23,02:54:38,Ewallet,21.04,4.76,1.05,8.5
db3ead50,C,City C,Member,Male,Health and beauty,82.37,2,8.24,172.98,2024-02-05,14:14:05,Ewallet,164.74,4.76,8.24,6.6
48b3f70d,C,City C,Normal,Male,Food and beverages,61.09,6,18.33,384.87,2024-04-30,19:02:48,Ewallet,366.54,4.76,18.33,4.8
1c68170e,B,City A,Normal,Female,Sports and travel,14.81,7,5.18,108.85,2024-04-20,10:24:48,Ewallet,103.67,4.76,5.18,4.5
22038b5c,C,City A,Normal,Male,Health and beauty,92.59,9,41.67,874.98,2024-09-06,21:28:27,Ewallet,833.31,4.76,41.67,7.6
60d8c150,C,City B,Member,Male,Fashion accessories,32.82,8,13.13,275.69,2024-11-25,02:22:50,Cash,262.56,4.76,13.13,5.2
